company,position,location,full_text,details,post_date
Pinterest,"Machine Learning Engineer, Core Engineering & Monetization Engineering","California, United States","Machine Learning Engineer, Core Engineering & Monetization Engineering, Pinterest, California, United States, Hybrid, Hide job, You have a preferred skill badge, 1 day ago",,1 day ago
Walmart,Senior Data Scientist,"Bentonville, AR","Senior Data Scientist, Walmart, Bentonville, AR, $112K/yr - $192K/yr (from job description), Medical, Vision, Dental, 401(k), +1 benefit, Hide job, You have a preferred skill badge, Promoted",,
Walmart,Senior Data Scientist,"Bentonville, AR","Senior Data Scientist, Walmart, Bentonville, AR, $112K/yr - $192K/yr (from job description), Medical, Vision, Dental, 401(k), +1 benefit, Hide job, 13 company alumni work here, Promoted",,
Pinterest,"Machine Learning Engineer, Core Engineering & Monetization Engineering","San Francisco, CA","Machine Learning Engineer, Core Engineering & Monetization Engineering, Pinterest, San Francisco, CA, Hybrid, Hide job, You have a preferred skill badge, 1 day ago",,1 day ago
Pinterest,"Software Engineer, Business Intelligence","San Francisco, CA","Software Engineer, Business Intelligence, Pinterest, San Francisco, CA, Remote, Hide job, 1 connection works here, 2 weeks ago",,2 weeks ago
JPMorgan Chase & Co.,Senior FX Quantitative Engineer for Risk as a Service - Executive Director,"New York, NY","Senior FX Quantitative Engineer for Risk as a Service - Executive Director, JPMorgan Chase & Co., New York, NY, On-site, Hide job, 23 company alumni work here, Promoted, 4 applicants",,
JPMorgan Chase & Co.,Central Taxonomy - Analytics Solutions Sr. Associate,"Wilmington, DE","Central Taxonomy - Analytics Solutions Sr. Associate, JPMorgan Chase & Co., Wilmington, DE, Hybrid, $99.8K/yr - $160K/yr (from job description), Hide job, 23 company alumni work here, Promoted, 8 applicants",,
Pinterest,"Software Engineer, Business Intelligence","California, United States","Software Engineer, Business Intelligence, Pinterest, California, United States, Remote, Hide job, 1 connection works here, 2 weeks ago",,2 weeks ago
Pinterest,"Software Engineer, Continuous Delivery Platform","San Francisco, CA","Software Engineer, Continuous Delivery Platform, Pinterest, San Francisco, CA, Remote, Hide job, 1 connection works here, 2 weeks ago",,2 weeks ago
Pinterest,"Senior Qualitative UX Researcher, Ads","California, United States","Senior Qualitative UX Researcher, Ads, Pinterest, California, United States, Remote, 1 connection works here, Promoted",,
JPMorgan Chase & Co.,Quant Analytics Associate: Audience Targeting - List Reports,"Wilmington, DE","Quant Analytics Associate: Audience Targeting - List Reports, JPMorgan Chase & Co., Wilmington, DE, Hybrid, Hide job, 23 company alumni work here, Promoted, 2 applicants",,
Pinterest,"Software Engineer, Continuous Delivery Platform","California, United States","Software Engineer, Continuous Delivery Platform, Pinterest, California, United States, Remote, Hide job, 5 company alumni work here, 2 weeks ago",,2 weeks ago
Pinterest,"Software Engineer, Batch Data Processing","San Francisco, CA","Software Engineer, Batch Data Processing, Pinterest, San Francisco, CA, Remote, Hide job, 1 connection works here, 1 day ago",,1 day ago
JPMorgan Chase & Co.,Sr. Web/Python Developer,"Plano, TX","Sr. Web/Python Developer, JPMorgan Chase & Co., Plano, TX, On-site, Hide job, 23 company alumni work here, Promoted, 14 applicants",,
JPMorgan Chase & Co.,Machine Learning Scientist - Time Series & Reinforcement Learning - Associate / Vice President / Executive Director,"New York, NY","Machine Learning Scientist - Time Series & Reinforcement Learning - Associate / Vice President / Executive Director, JPMorgan Chase & Co., New York, NY, On-site, $123.5K/yr - $180K/yr (from job description), Hide job, You have a preferred skill badge, Promoted, 12 applicants",,
Pinterest,"Software Engineer, Batch Data Processing","California, United States","Software Engineer, Batch Data Processing, Pinterest, California, United States, Remote, Hide job, 1 connection works here, 1 day ago",,1 day ago
,,,,,
,,,,,
,,,,,
,,,,,
Pinterest,"Full-stack Engineer, Monetization","California, United States","Full-stack Engineer, Monetization, Pinterest, California, United States, Remote, 1 connection works here, 1 day ago",,1 day ago
JPMorgan Chase & Co.,Sr. Python Developer,"Wilmington, DE","Sr. Python Developer, JPMorgan Chase & Co., Wilmington, DE, On-site, Hide job, 23 company alumni work here, Promoted, 9 applicants",,
JPMorgan Chase & Co.,Capacity Infrastructure Developer: Infrastructure Development,"Plano, TX","Capacity Infrastructure Developer: Infrastructure Development, JPMorgan Chase & Co., Plano, TX, Hide job, 23 company alumni work here, Promoted, 2 applicants",,
Pinterest,"Full-stack Engineer, Monetization","San Francisco, CA","Full-stack Engineer, Monetization, Pinterest, San Francisco, CA, Remote, Hide job, 1 connection works here, 1 day ago",,1 day ago
Faire,Senior Data Scientist - Search & Recommendation,United States,"Senior Data Scientist - Search & Recommendation, Faire, United States, Remote, Hide job, You have a preferred skill badge, 3 hours ago, Within the past 24 hours",,"3 hours ago
Within the past 24 hours"
Getty Images,Principal Data Scientist (14498) - Western US,"Seattle, WA","Principal Data Scientist (14498) - Western US, Getty Images, Seattle, WA, Medical, Vision, Dental, 401(k), +1 benefit, Hide job, You have a preferred skill badge, 1 week ago",,1 week ago
Walmart,Senior Data Scientist,"Sunnyvale, CA","Senior Data Scientist, Walmart, Sunnyvale, CA, $144K/yr - $200K/yr (from job description), Medical, Vision, Dental, 401(k), +1 benefit, Hide job, You have a preferred skill badge, Promoted",,
Walmart,Senior Data Scientist,"Seattle, WA","Senior Data Scientist, Walmart, Seattle, WA, $144K/yr - $200K/yr (from job description), Medical, Vision, Dental, 401(k), +1 benefit, Hide job, 4 connections work here, Promoted",,
Getty Images,Principal Data Scientist (14498) - United States (Remote),"New York, NY","Principal Data Scientist (14498) - United States (Remote), Getty Images, New York, NY, Remote, Medical, Vision, Dental, 401(k), +1 benefit, Hide job, 3 company alumni work here, 2 weeks ago",,2 weeks ago
Strike Social,Data Scientist / Data Analyst,"Chicago, IL","Data Scientist / Data Analyst, Strike Social, Chicago, IL, Remote, Hide job, You have a preferred skill badge, 1 month ago, Easy Apply",,1 month ago
TikTok,Senior Data Scientist - TikTok US - Tech Services,"Los Angeles, CA","Senior Data Scientist - TikTok US - Tech Services, TikTok, Los Angeles, CA, $145.7K/yr - $256.2K/yr, Medical, Vision, Dental, 401(k), +1 benefit, Hide job, 39 alumni work here, Promoted, 11 applicants",,
TikTok,Senior Data Scientist - TikTok US - Tech Services,"Mountain View, CA","Senior Data Scientist - TikTok US - Tech Services, TikTok, Mountain View, CA, $153.3K/yr - $269.7K/yr, Medical, Vision, Dental, 401(k), +1 benefit, Hide job, 3 connections work here, Promoted, 14 applicants",,
,,,,,
,,,,,
,,,,,
,,,,,
,,,,,
,,,,,
,,,,,
,,,,,
,,,,,
,,,,,
,,,,,
TikTok,Data Scientist- Tiktok Ads,"Mountain View, CA","Data Scientist- Tiktok Ads, TikTok, Mountain View, CA, $153K/yr - $296K/yr, Medical, Vision, Dental, 401(k), +1 benefit, 3 connections work here, Promoted",,
Recruiting from Scratch,NLP Engineer,"Glendale, California, United States","NLP Engineer, Recruiting from Scratch, Glendale, California, United States, Medical, Vision, Dental, +1 benefit, Hide job, You have a preferred skill badge, 3 weeks ago, 2 applicants",,3 weeks ago
Recruiting from Scratch,NLP Engineer,"Los Angeles, California, United States","NLP Engineer, Recruiting from Scratch, Los Angeles, California, United States, Medical, Vision, Dental, +1 benefit, Hide job, You have a preferred skill badge, 3 weeks ago, 3 applicants",,3 weeks ago
Walmart,Data Scientist,"Dallas, TX","Data Scientist, Walmart, Dallas, TX, Medical, 401(k), +1 benefit, Hide job, 4 connections work here, Promoted",,
Walmart,Data Scientist,"Bentonville, AR","Data Scientist, Walmart, Bentonville, AR, Medical, 401(k), +1 benefit, Hide job, 13 company alumni work here, Promoted",,
Recruiting from Scratch,NLP Engineer,"Santa Monica, CA","NLP Engineer, Recruiting from Scratch, Santa Monica, CA, Medical, Vision, Dental, +1 benefit, Hide job, You have a preferred skill badge, 3 weeks ago, 1 applicant",,3 weeks ago
,,,,,
"Abode TechZone, LLC",People Products Data Scientist,"Seattle, WA","People Products Data Scientist, Abode TechZone, LLC, Seattle, WA, On-site, Hide job, Your profile matches this job, 4 days ago, 2 applicants",,4 days ago
JPMorgan Chase & Co.,Applied AI ML Analyst,"Wilmington, DE","Applied AI ML Analyst, JPMorgan Chase & Co., Wilmington, DE, Hide job, 23 company alumni work here, Promoted",,
Walmart,Senior Data Scientist (ML Engineer),"Dallas, TX","Senior Data Scientist (ML Engineer), Walmart, Dallas, TX, Medical, 401(k), +1 benefit, Hide job, 4 connections work here, Promoted",,
Recruiting from Scratch,NLP Engineer,San Francisco Bay Area,"NLP Engineer, Recruiting from Scratch, San Francisco Bay Area, Medical, Vision, Dental, +1 benefit, Hide job, You have a preferred skill badge, 3 weeks ago, 8 applicants",,3 weeks ago
Recruiting from Scratch,NLP Engineer,"San Diego, CA","NLP Engineer, Recruiting from Scratch, San Diego, CA, Medical, Vision, Dental, +1 benefit, Hide job, You have a preferred skill badge, 3 weeks ago, 8 applicants",,3 weeks ago
JPMorgan Chase & Co.,Sr. Quant Analytics Associate: Audience Targeting - List Reports,"Wilmington, DE","Sr. Quant Analytics Associate: Audience Targeting - List Reports, JPMorgan Chase & Co., Wilmington, DE, Hybrid, Hide job, 23 company alumni work here, Promoted, 1 applicant",,
JPMorgan Chase & Co.,Principal Machine Learning Scientist,"Seattle, WA","Principal Machine Learning Scientist, JPMorgan Chase & Co., Seattle, WA, Hide job, 133 alumni work here, Promoted, 5 applicants",,
,,,,,
,,,,,
,,,,,
,,,,,
,,,,,
,,,,,
,,,,,
,,,,,
,,,,,
,,,,,
,,,,,
,,,,,
,,,,,
,,,,,
,,,,,
,,,,,
,,,,,
,,,,,
Recruiting from Scratch,NLP Engineer,"Redwood City, CA","NLP Engineer, Recruiting from Scratch, Redwood City, CA, Medical, Vision, Dental, +1 benefit, Hide job, You have a preferred skill badge, 3 weeks ago, 3 applicants",,3 weeks ago
JPMorgan Chase & Co.,CCB Data & Analytics - Applied AI ML - VP,"Columbus, OH","CCB Data & Analytics - Applied AI ML - VP, JPMorgan Chase & Co., Columbus, OH, On-site, Hide job, Your profile matches this job, Promoted, 4 applicants",,
JPMorgan Chase & Co.,Quant Analytics Sr. Associate - Payments,"Wilmington, DE","Quant Analytics Sr. Associate - Payments, JPMorgan Chase & Co., Wilmington, DE, Hybrid, $99.8K/yr - $150K/yr (from job description), Hide job, You have a preferred skill badge, Promoted, 10 applicants",,
Recruiting from Scratch,NLP Engineer,Pueblo-Cañon City Area,"NLP Engineer, Recruiting from Scratch, Pueblo-Cañon City Area, Medical, Vision, Dental, +1 benefit, Hide job, You have a preferred skill badge, 3 weeks ago, 2 applicants",,3 weeks ago
Recruiting from Scratch,NLP Engineer,Pueblo-Cañon City Area,"NLP Engineer, Recruiting from Scratch, Pueblo-Cañon City Area, Medical, Vision, Dental, +1 benefit, Hide job, You have a preferred skill badge, 3 weeks ago, 1 applicant",,3 weeks ago
JPMorgan Chase & Co.,CCB_Data and Analytics- Data Scientist Analyst Expert,"Wilmington, DE","CCB_Data and Analytics- Data Scientist Analyst Expert, JPMorgan Chase & Co., Wilmington, DE, On-site, $123.5K/yr - $195K/yr (from job description), Hide job, 23 company alumni work here, Promoted",,
JPMorgan Chase & Co.,Python Application Developer,"Plano, TX","Python Application Developer, JPMorgan Chase & Co., Plano, TX, On-site, Hide job, 23 company alumni work here, Promoted",,
,,,,,
,,,,,
,,,,,
,,,,,
,,,,,
Recruiting from Scratch,NLP Engineer,"Seattle, WA","NLP Engineer, Recruiting from Scratch, Seattle, WA, Medical, Vision, Dental, +1 benefit, You have a preferred skill badge, 3 weeks ago, 4 applicants",,3 weeks ago
JPMorgan Chase & Co.,Senior Data Scientist - Machine Learning Operations,"Jersey City, NJ","Senior Data Scientist - Machine Learning Operations, JPMorgan Chase & Co., Jersey City, NJ, Hybrid, Hide job, You have a preferred skill badge, Promoted, 10 applicants",,
Walmart,Senior Data Scientist (Machine Learning Engineer),"Dallas, TX","Senior Data Scientist (Machine Learning Engineer), Walmart, Dallas, TX, Medical, 401(k), +1 benefit, Hide job, 4 connections work here, Promoted",,
Recruiting from Scratch,NLP Engineer,"Hartford, CT","NLP Engineer, Recruiting from Scratch, Hartford, CT, Medical, Vision, Dental, +1 benefit, Hide job, You have a preferred skill badge, 3 weeks ago, 1 applicant",,3 weeks ago
Recruiting from Scratch,NLP Engineer,Greater Philadelphia,"NLP Engineer, Recruiting from Scratch, Greater Philadelphia, Medical, Vision, Dental, +1 benefit, Hide job, You have a preferred skill badge, 3 weeks ago, 4 applicants",,3 weeks ago
JPMorgan Chase & Co.,Data Scientist - Real-Time Analytics Solutioning,"Wilmington, DE","Data Scientist - Real-Time Analytics Solutioning, JPMorgan Chase & Co., Wilmington, DE, Hybrid, Hide job, You have a preferred skill badge, Promoted",,
,,,,,
,,,,,
,,,,,
,,,,,
,,,,,
,,,,,
,,,,,
Recruiting from Scratch,NLP Engineer,"Atlanta, GA","NLP Engineer, Recruiting from Scratch, Atlanta, GA, Medical, Vision, Dental, +1 benefit, Hide job, You have a preferred skill badge, 3 weeks ago, 3 applicants",,3 weeks ago
JPMorgan Chase & Co.,Big Data Engineering Lead,"Columbus, OH","Big Data Engineering Lead, JPMorgan Chase & Co., Columbus, OH, On-site, Hide job, 23 company alumni work here, Promoted, 1 applicant",,
Walmart,(USA) Senior Data Engineer,"Bentonville, AR","(USA) Senior Data Engineer, Walmart, Bentonville, AR, Medical, 401(k), +1 benefit, Hide job, 4 connections work here, Promoted",,
Getty Images,"Principal Software Engineer, Search (13740) - United States (Remote)",United States,"Principal Software Engineer, Search (13740) - United States (Remote), Getty Images, United States, Remote, Medical, Vision, Dental, 401(k), +1 benefit, Hide job, 3 company alumni work here, 2 weeks ago",,2 weeks ago
Recruiting from Scratch,NLP Engineer,Topeka Metropolitan Area,"NLP Engineer, Recruiting from Scratch, Topeka Metropolitan Area, Medical, Vision, Dental, +1 benefit, Hide job, You have a preferred skill badge, 3 weeks ago, 1 applicant",,3 weeks ago
JPMorgan Chase & Co.,Senior Quant Analyst for Service Product Group (SPG),"Columbus, OH","Senior Quant Analyst for Service Product Group (SPG), JPMorgan Chase & Co., Columbus, OH, Hybrid, $99.8K/yr - $150K/yr (from job description), Hide job, 133 alumni work here, Promoted, 7 applicants",,
JPMorgan Chase & Co.,"CCB Risk, ML Model Delivery - Product Delivery","Wilmington, DE","CCB Risk, ML Model Delivery - Product Delivery, JPMorgan Chase & Co., Wilmington, DE, Hybrid, Hide job, 23 company alumni work here, Promoted, 1 applicant",,
,,,,,
,,,,,
,,,,,
,,,,,
,,,,,
,,,,,
,,,,,
,,,,,
,,,,,
,,,,,
,,,,,
,,,,,
,,,,,
,,,,,
,,,,,
,,,,,
,,,,,
,,,,,
Recruiting from Scratch,NLP Engineer,"New Haven, IN","NLP Engineer, Recruiting from Scratch, New Haven, IN, Medical, Vision, Dental, +1 benefit, Hide job, You have a preferred skill badge, 3 weeks ago, 0 applicants",,3 weeks ago
JPMorgan Chase & Co.,Data Analytics Solutions Senior Associate,"Plano, TX","Data Analytics Solutions Senior Associate, JPMorgan Chase & Co., Plano, TX, On-site, Hide job, 133 alumni work here, Promoted, 16 applicants",,
Walmart,Senior Data Engineer,"Bentonville, AR","Senior Data Engineer, Walmart, Bentonville, AR, Medical, 401(k), +1 benefit, Hide job, 4 connections work here, Promoted, 11 applicants",,
Recruiting from Scratch,NLP Engineer,"Denver City, TX","NLP Engineer, Recruiting from Scratch, Denver City, TX, Medical, Vision, Dental, +1 benefit, Hide job, You have a preferred skill badge, 3 weeks ago, 1 applicant",,3 weeks ago
Recruiting from Scratch,NLP Engineer,"Wichita Falls, TX","NLP Engineer, Recruiting from Scratch, Wichita Falls, TX, Medical, Vision, Dental, +1 benefit, Hide job, You have a preferred skill badge, 3 weeks ago, 0 applicants",,3 weeks ago
JPMorgan Chase & Co.,Machine Learning Scientist - Time Series & Reinforcement Learning - Associate / Vice President / Executive Director,"New York, NY","Machine Learning Scientist - Time Series & Reinforcement Learning - Associate / Vice President / Executive Director, JPMorgan Chase & Co., New York, NY, On-site, $123.5K/yr - $180K/yr (from job description), Hide job, You have a preferred skill badge, Promoted, 21 applicants",,
JPMorgan Chase & Co.,Quant Analytics Manager,"Wilmington, DE","Quant Analytics Manager, JPMorgan Chase & Co., Wilmington, DE, On-site, Hide job, 23 company alumni work here, Promoted, 7 applicants",,
,,,,,
,,,,,
,,,,,
,,,,,
,,,,,
,,,,,
,,,,,
,,,,,
,,,,,
,,,,,
,,,,,
,,,,,
,,,,,
,,,,,
,,,,,
,,,,,
,,,,,
,,,,,
Pace,Software Engineer - Android,United States,"Software Engineer - Android, Pace, United States, Remote, Hide job, 3 weeks ago, 0 applicants",,3 weeks ago
JPMorgan Chase & Co.,AI Research Scientist - Senior Associate / Vice President / Executive Director,"New York, NY","AI Research Scientist - Senior Associate / Vice President / Executive Director, JPMorgan Chase & Co., New York, NY, On-site, Hide job, You have a preferred skill badge, Promoted, 14 applicants",,
JPMorgan Chase & Co.,Machine Learning Scientist - NLP & Recommender Systems - Sr. Associate / Vice President / Executive Director,"New York, NY","Machine Learning Scientist - NLP & Recommender Systems - Sr. Associate / Vice President / Executive Director, JPMorgan Chase & Co., New York, NY, On-site, Hide job, You have a preferred skill badge, Promoted, 16 applicants",,
Fastly,"Principal Software Engineer, Bot Management and Anti-Fraud","California, United States","Principal Software Engineer, Bot Management and Anti-Fraud, Fastly, California, United States, Hybrid, Hide job, 1 alum works here, 15 hours ago, Within the past 24 hours",,"15 hours ago
Within the past 24 hours"
AcuityAds Inc.,Senior Software Engineer - Social,"Salt Lake City, UT","Senior Software Engineer - Social, AcuityAds Inc., Salt Lake City, UT, Remote, Medical, Dental, +1 benefit, Hide job, Actively recruiting, 1 month ago, 1 applicant",,1 month ago
Walmart,"Senior Manager II, Data Science","Hoboken, NJ","Senior Manager II, Data Science, Walmart, Hoboken, NJ, Hide job, 4 connections work here, Promoted",,
JPMorgan Chase & Co.,Senior Business Intelligence Developer,"Plano, TX","Senior Business Intelligence Developer, JPMorgan Chase & Co., Plano, TX, Hide job, 23 company alumni work here, Promoted, 17 applicants",,
,,,,,
,,,,,
,,,,,
,,,,,
,,,,,
,,,,,
,,,,,
,,,,,
,,,,,
,,,,,
,,,,,
,,,,,
,,,,,
,,,,,
,,,,,
,,,,,
,,,,,
,,,,,
Recruiting from Scratch,Senior / Staff NLP Engineer (Speech to Text Startup),"Sunnyvale, CA","Senior / Staff NLP Engineer (Speech to Text Startup), Recruiting from Scratch, Sunnyvale, CA, Medical, Vision, Dental, +1 benefit, Hide job, You have a preferred skill badge, 3 months ago",,3 months ago
JPMorgan Chase & Co.,"VP, Cloud Data Engineer","Wilmington, DE","VP, Cloud Data Engineer, JPMorgan Chase & Co., Wilmington, DE, On-site, Hide job, 23 company alumni work here, Promoted, 5 applicants",,
JPMorgan Chase & Co.,"Corporate Finance: Financial Analysis, Data & Analytic Solutions, Python Developer - Sr Associate","Jersey City, NJ","Corporate Finance: Financial Analysis, Data & Analytic Solutions, Python Developer - Sr Associate, JPMorgan Chase & Co., Jersey City, NJ, Hybrid, $80.8K/yr - $130K/yr (from job description), Hide job, 23 company alumni work here, Promoted, 5 applicants",,
Recruiting from Scratch,Senior / Staff NLP Engineer (Speech to Text Startup),"Frisco, TX","Senior / Staff NLP Engineer (Speech to Text Startup), Recruiting from Scratch, Frisco, TX, Medical, Vision, Dental, +1 benefit, Hide job, You have a preferred skill badge, 3 months ago",,3 months ago
Recruiting from Scratch,Senior / Staff NLP Engineer (Speech to Text Startup),"California, United States","Senior / Staff NLP Engineer (Speech to Text Startup), Recruiting from Scratch, California, United States, Medical, Vision, Dental, +1 benefit, Hide job, You have a preferred skill badge, 3 months ago",,3 months ago
JPMorgan Chase & Co.,CCB - AML/KYC Quantitative Data & Analytics - Sr. Associate,"Columbus, OH","CCB - AML/KYC Quantitative Data & Analytics - Sr. Associate, JPMorgan Chase & Co., Columbus, OH, On-site, Hide job, 133 alumni work here, Promoted, 2 applicants",,
JPMorgan Chase & Co.,AI Research Scientist- Reinforcement Learning and Multi-Agent Learning/Simulation- Senior Associate/ Vice President,"New York, NY","AI Research Scientist- Reinforcement Learning and Multi-Agent Learning/Simulation- Senior Associate/ Vice President, JPMorgan Chase & Co., New York, NY, On-site, Hide job, 23 company alumni work here, Promoted, 12 applicants",,
,,,,,
,,,,,
,,,,,
,,,,,
,,,,,
,,,,,
,,,,,
,,,,,
,,,,,
,,,,,
,,,,,
,,,,,
,,,,,
,,,,,
,,,,,
,,,,,
,,,,,
,,,,,
Recruiting from Scratch,Senior / Staff NLP Engineer (Speech to Text Startup),"Menlo Park, CA","Senior / Staff NLP Engineer (Speech to Text Startup), Recruiting from Scratch, Menlo Park, CA, Medical, Vision, Dental, +1 benefit, Hide job, You have a preferred skill badge, 3 months ago",,3 months ago
JPMorgan Chase & Co.,"Explainable AI Researcher - XAI Center of Excellence - Sr. Associate, Vice President and Executive Director","New York, NY","Explainable AI Researcher - XAI Center of Excellence - Sr. Associate, Vice President and Executive Director, JPMorgan Chase & Co., New York, NY, Hybrid, Hide job, 23 company alumni work here, Promoted, 9 applicants",,
JPMorgan Chase & Co.,"Benefits Data Analysis & Reporting, Vice President","Jersey City, NJ","Benefits Data Analysis & Reporting, Vice President, JPMorgan Chase & Co., Jersey City, NJ, On-site, $109.3K/yr - $170K/yr (from job description), Hide job, 23 company alumni work here, Promoted, 12 applicants",,
Recruiting from Scratch,Senior / Staff NLP Engineer (Speech to Text Startup),"San Bruno, CA","Senior / Staff NLP Engineer (Speech to Text Startup), Recruiting from Scratch, San Bruno, CA, Medical, Vision, Dental, +1 benefit, Hide job, You have a preferred skill badge, 3 months ago",,3 months ago
Recruiting from Scratch,Senior / Staff NLP Engineer (Speech to Text Startup),"Redwood City, CA","Senior / Staff NLP Engineer (Speech to Text Startup), Recruiting from Scratch, Redwood City, CA, Medical, Vision, Dental, +1 benefit, Hide job, You have a preferred skill badge, 3 months ago",,3 months ago
JPMorgan Chase & Co.,Quant Analytics Associate,"Plano, TX","Quant Analytics Associate, JPMorgan Chase & Co., Plano, TX, On-site, Hide job, 23 company alumni work here, Promoted",,
JPMorgan Chase & Co.,Sr. Software Engineer,"Wilmington, DE","Sr. Software Engineer, JPMorgan Chase & Co., Wilmington, DE, Hide job, 23 company alumni work here, Promoted, 4 applicants",,
,,,,,
,,,,,
,,,,,
,,,,,
,,,,,
,,,,,
,,,,,
,,,,,
,,,,,
,,,,,
,,,,,
,,,,,
,,,,,
,,,,,
,,,,,
,,,,,
,,,,,
,,,,,
Recruiting from Scratch,Senior / Staff NLP Engineer (Speech to Text Startup),"Princeton, IL","Senior / Staff NLP Engineer (Speech to Text Startup), Recruiting from Scratch, Princeton, IL, Medical, Vision, Dental, +1 benefit, Hide job, You have a preferred skill badge, 3 months ago",,3 months ago
JPMorgan Chase & Co.,Software Engineer,"Wilmington, DE","Software Engineer, JPMorgan Chase & Co., Wilmington, DE, On-site, Hide job, Your profile matches this job, Promoted, 0 applicants",,
Walmart,"Manager II, Advanced Analytics (Marketplace)","San Bruno, CA","Manager II, Advanced Analytics (Marketplace), Walmart, San Bruno, CA, $120K/yr - $180K/yr (from job description), Medical, Vision, Dental, 401(k), Hide job, 4 connections work here, Promoted",,
Recruiting from Scratch,Senior / Staff NLP Engineer (Speech to Text Startup),"Cincinnati, OH","Senior / Staff NLP Engineer (Speech to Text Startup), Recruiting from Scratch, Cincinnati, OH, Medical, Vision, Dental, +1 benefit, Hide job, You have a preferred skill badge, 3 months ago",,3 months ago
Recruiting from Scratch,Senior / Staff NLP Engineer (Speech to Text Startup),"Nashville, IN","Senior / Staff NLP Engineer (Speech to Text Startup), Recruiting from Scratch, Nashville, IN, Medical, Vision, Dental, +1 benefit, Hide job, You have a preferred skill badge, 3 months ago",,3 months ago
JPMorgan Chase & Co.,CCB Product Analyst - VP,"Wilmington, DE","CCB Product Analyst - VP, JPMorgan Chase & Co., Wilmington, DE, On-site, Hide job, 23 company alumni work here, Promoted, 3 applicants",,
JPMorgan Chase & Co.,"Software Engineer - Python, Scala, and Spark","Wilmington, DE","Software Engineer - Python, Scala, and Spark, JPMorgan Chase & Co., Wilmington, DE, On-site, Hide job, Your profile matches this job, Promoted, 9 applicants",,
,,,,,
,,,,,
,,,,,
,,,,,
,,,,,
,,,,,
,,,,,
,,,,,
,,,,,
,,,,,
,,,,,
,,,,,
,,,,,
,,,,,
,,,,,
,,,,,
,,,,,
,,,,,
Fastly,Senior Software Engineer - Network Control and Optimization,United States,"Senior Software Engineer - Network Control and Optimization, Fastly, United States, Remote, Medical, Vision, Dental, 401(k), +1 benefit, Hide job, 1 alum works here, 1 month ago, 1 applicant",,1 month ago
JPMorgan Chase & Co.,Data Management Associate Sr,"Jacksonville, FL","Data Management Associate Sr, JPMorgan Chase & Co., Jacksonville, FL, On-site, Hide job, 133 alumni work here, Promoted, 3 applicants",,
JPMorgan Chase & Co.,Software Engineer - Market Risk - ED,"Jersey City, NJ","Software Engineer - Market Risk - ED, JPMorgan Chase & Co., Jersey City, NJ, Hybrid, Hide job, You have a preferred skill badge, Promoted, 4 applicants",,
Zip,Software Engineer,"San Francisco, CA","Software Engineer, Zip, San Francisco, CA, $140K/yr - $200K/yr (from job description), Medical, Vision, Dental, 401(k), +1 benefit, Hide job, Actively recruiting, 1 week ago",,1 week ago
Recruiting from Scratch,Senior / Staff NLP Engineer (Speech to Text Startup),"Huntsville, NC","Senior / Staff NLP Engineer (Speech to Text Startup), Recruiting from Scratch, Huntsville, NC, Medical, Vision, Dental, +1 benefit, Hide job, You have a preferred skill badge, 3 months ago",,3 months ago
Walmart,Senior Software Engineer - Data,"Dallas, TX","Senior Software Engineer - Data, Walmart, Dallas, TX, $98K/yr - $168K/yr (from job description), Medical, Vision, Dental, 401(k), +1 benefit, Hide job, Your profile matches this job, Promoted",,
JPMorgan Chase & Co.,Site Reliability Engineer,"Jersey City, NJ","Site Reliability Engineer, JPMorgan Chase & Co., Jersey City, NJ, On-site, $97.8K/yr - $150K/yr (from job description), Hide job, 23 company alumni work here, Promoted, 9 applicants",,
,,,,,
,,,,,
,,,,,
,,,,,
,,,,,
,,,,,
,,,,,
,,,,,
,,,,,
,,,,,
,,,,,
,,,,,
,,,,,
,,,,,
,,,,,
,,,,,
,,,,,
,,,,,
Scratch,Software Engineer - Infrastructure,"San Francisco, CA","Software Engineer - Infrastructure, Scratch, San Francisco, CA, Hybrid, Medical, Vision, Dental, 401(k), +1 benefit, Hide job, 2 months ago, 6 applicants",,2 months ago
JPMorgan Chase & Co.,"CCB Data & Analytics - Home Lending Group - VP - Data Scientist Lead - Jacksonville, Columbus, and/or Plano","Jacksonville, FL","CCB Data & Analytics - Home Lending Group - VP - Data Scientist Lead - Jacksonville, Columbus, and/or Plano, JPMorgan Chase & Co., Jacksonville, FL, On-site, Hide job, 133 alumni work here, Promoted, 4 applicants",,
JPMorgan Chase & Co.,"Quant Analytics Analyst Sr, POS Fraud Strategy","Wilmington, DE","Quant Analytics Analyst Sr, POS Fraud Strategy, JPMorgan Chase & Co., Wilmington, DE, On-site, Hide job, 23 company alumni work here, Promoted, 11 applicants",,
Recruiting from Scratch,"Senior Software Engineer, Backend (Speech to Text Startup)","Boston Heights, CA","Senior Software Engineer, Backend (Speech to Text Startup), Recruiting from Scratch, Boston Heights, CA, Medical, Vision, Dental, +1 benefit, Hide job, Actively recruiting, 1 month ago, 0 applicants",,1 month ago
Recruiting from Scratch,"Senior Software Engineer, Backend (Speech to Text Startup)","Culver City, CA","Senior Software Engineer, Backend (Speech to Text Startup), Recruiting from Scratch, Culver City, CA, Medical, Vision, Dental, +1 benefit, Hide job, Actively recruiting, 1 month ago, 0 applicants",,1 month ago
JPMorgan Chase & Co.,Senior Software Engineer,"Columbus, OH","Senior Software Engineer, JPMorgan Chase & Co., Columbus, OH, Hide job, 23 company alumni work here, Promoted, 1 applicant",,
JPMorgan Chase & Co.,Senior Software Engineer,"Wilmington, DE","Senior Software Engineer, JPMorgan Chase & Co., Wilmington, DE, Hide job, Actively recruiting, Promoted, 3 applicants",,
,,,,,
,,,,,
,,,,,
,,,,,
,,,,,
,,,,,
,,,,,
,,,,,
,,,,,
,,,,,
,,,,,
,,,,,
,,,,,
,,,,,
,,,,,
,,,,,
,,,,,
,,,,,
Recruiting from Scratch,"Senior Software Engineer, Backend (Speech to Text Startup)","Honolulu, HI","Senior Software Engineer, Backend (Speech to Text Startup), Recruiting from Scratch, Honolulu, HI, Medical, Vision, Dental, +1 benefit, Hide job, Actively recruiting, 1 month ago, 0 applicants",,1 month ago
JPMorgan Chase & Co.,CCB-Quant Analytics Manager-VP,"Columbus, OH","CCB-Quant Analytics Manager-VP, JPMorgan Chase & Co., Columbus, OH, On-site, Hide job, Actively recruiting, Promoted, 5 applicants",,
JPMorgan Chase & Co.,Cloud Software Engineering,"Columbus, OH","Cloud Software Engineering, JPMorgan Chase & Co., Columbus, OH, $123.5K/yr - $180K/yr (from job description), Hide job, 23 company alumni work here, Promoted, 3 applicants",,
Recruiting from Scratch,Android Engineer,"Glendale, California, United States","Android Engineer, Recruiting from Scratch, Glendale, California, United States, Medical, Vision, Dental, +1 benefit, Hide job, Your profile matches this job, 3 weeks ago, 0 applicants",,3 weeks ago
Recruiting from Scratch,Android Engineer,"Los Angeles, California, United States","Android Engineer, Recruiting from Scratch, Los Angeles, California, United States, Medical, Vision, Dental, +1 benefit, Hide job, Your profile matches this job, 3 weeks ago, 2 applicants",,3 weeks ago
TikTok,"Senior Machine Learning Engineer, eCommerce Recommendation, TikTok-US-Tech Services","Mountain View, CA","Senior Machine Learning Engineer, eCommerce Recommendation, TikTok-US-Tech Services, TikTok, Mountain View, CA, $166.4K/yr - $304.7K/yr, Medical, Vision, Dental, 401(k), +1 benefit, Hide job, You have a preferred skill badge, Promoted",,
JPMorgan Chase & Co.,Software Engineer/Architect,"Wilmington, DE","Software Engineer/Architect, JPMorgan Chase & Co., Wilmington, DE, On-site, Hide job, 23 company alumni work here, Promoted, 8 applicants",,
,,,,,
,,,,,
,,,,,
,,,,,
,,,,,
,,,,,
,,,,,
,,,,,
,,,,,
,,,,,
,,,,,
,,,,,
,,,,,
,,,,,
,,,,,
,,,,,
,,,,,
,,,,,
Recruiting from Scratch,"Senior Software Engineer, Backend (Speech to Text Startup)","Oakland, CA","Senior Software Engineer, Backend (Speech to Text Startup), Recruiting from Scratch, Oakland, CA, Medical, Vision, Dental, +1 benefit, Hide job, Actively recruiting, 1 month ago, 0 applicants",,1 month ago
Walmart,Senior Data Engineer,"Bentonville, AR","Senior Data Engineer, Walmart, Bentonville, AR, Medical, 401(k), +1 benefit, Hide job, 4 connections work here, Promoted",,
Walmart,(USA) Software Engineer III,"Reston, VA","(USA) Software Engineer III, Walmart, Reston, VA, Medical, 401(k), +1 benefit, Hide job, 4 connections work here, Promoted, 12 applicants",,
Recruiting from Scratch,"Senior Software Engineer, Backend (Speech to Text Startup)","Hayward, CA","Senior Software Engineer, Backend (Speech to Text Startup), Recruiting from Scratch, Hayward, CA, Medical, Vision, Dental, +1 benefit, Hide job, Actively recruiting, 1 month ago, 0 applicants",,1 month ago
Recruiting from Scratch,"Senior Software Engineer, Backend (Speech to Text Startup)","Union City, CA","Senior Software Engineer, Backend (Speech to Text Startup), Recruiting from Scratch, Union City, CA, Medical, Vision, Dental, +1 benefit, Hide job, Actively recruiting, 1 month ago, 0 applicants",,1 month ago
Amazon Web Services (AWS),"Sr SDM, Machine Learning Acceleration, AWS Neuron","Cupertino, CA","Sr SDM, Machine Learning Acceleration, AWS Neuron, Amazon Web Services (AWS), Cupertino, CA, Hide job, You have a preferred skill badge, Promoted, 8 applicants",,
Walmart,Software Engineer III - Backend/Data,"Sunnyvale, CA","Software Engineer III - Backend/Data, Walmart, Sunnyvale, CA, $120K/yr - $170K/yr (from job description), Medical, Vision, Dental, 401(k), +1 benefit, Hide job, You have a preferred skill badge, Promoted",,
,,,,,
,,,,,
,,,,,
,,,,,
,,,,,
,,,,,
,,,,,
,,,,,
,,,,,
,,,,,
,,,,,
,,,,,
,,,,,
,,,,,
,,,,,
,,,,,
,,,,,
,,,,,
Recruiting from Scratch,Android Engineer,"California, United States","Android Engineer, Recruiting from Scratch, California, United States, Medical, Vision, Dental, +1 benefit, Hide job, Actively recruiting, 3 weeks ago, 0 applicants",,3 weeks ago
JPMorgan Chase & Co.,Integration Engineer AWS,"Plano, TX","Integration Engineer AWS, JPMorgan Chase & Co., Plano, TX, Hide job, 133 alumni work here, Promoted, 3 applicants",,
JPMorgan Chase & Co.,Solution Architect - Modernization,"Wilmington, DE","Solution Architect - Modernization, JPMorgan Chase & Co., Wilmington, DE, Hybrid, $123.5K/yr - $180K/yr (from job description), Hide job, 23 company alumni work here, Promoted, 2 applicants",,
Recruiting from Scratch,Android Engineer,"California, United States","Android Engineer, Recruiting from Scratch, California, United States, Medical, Vision, Dental, +1 benefit, Hide job, Your profile matches this job, 3 weeks ago, 0 applicants",,3 weeks ago
Recruiting from Scratch,Android Engineer,San Francisco Bay Area,"Android Engineer, Recruiting from Scratch, San Francisco Bay Area, Medical, Vision, Dental, +1 benefit, Hide job, Your profile matches this job, 3 weeks ago, 2 applicants",,3 weeks ago
JPMorgan Chase & Co.,Software Engineer- AWS FinOps Practitioner,"Columbus, OH","Software Engineer- AWS FinOps Practitioner, JPMorgan Chase & Co., Columbus, OH, Hide job, Your profile matches this job, Promoted, 0 applicants",,
JPMorgan Chase & Co.,CCB-Quant Analytics-Associate,"Columbus, OH","CCB-Quant Analytics-Associate, JPMorgan Chase & Co., Columbus, OH, On-site, Hide job, 23 company alumni work here, Promoted, 7 applicants",,
,,,,,
,,,,,
,,,,,
,,,,,
,,,,,
,,,,,
,,,,,
,,,,,
,,,,,
,,,,,
,,,,,
,,,,,
,,,,,
,,,,,
,,,,,
,,,,,
,,,,,
,,,,,
Recruiting from Scratch,Android Engineer,"Newark, CA","Android Engineer, Recruiting from Scratch, Newark, CA, Medical, Vision, Dental, +1 benefit, Hide job, Your profile matches this job, 3 weeks ago, 0 applicants",,3 weeks ago
JPMorgan Chase & Co.,Site Reliability Engineer,"Columbus, OH","Site Reliability Engineer, JPMorgan Chase & Co., Columbus, OH, Hybrid, Hide job, 23 company alumni work here, Promoted, 4 applicants",,
JPMorgan Chase & Co.,Voice Contact Center Site Reliability Engineer,"Plano, TX","Voice Contact Center Site Reliability Engineer, JPMorgan Chase & Co., Plano, TX, Hide job, 133 alumni work here, Promoted, 1 applicant",,
Recruiting from Scratch,Android Engineer,"Hayward, CA","Android Engineer, Recruiting from Scratch, Hayward, CA, Medical, Vision, Dental, +1 benefit, Hide job, Your profile matches this job, 3 weeks ago, 0 applicants",,3 weeks ago
Recruiting from Scratch,Android Engineer,"Dublin, CA","Android Engineer, Recruiting from Scratch, Dublin, CA, Medical, Vision, Dental, +1 benefit, Hide job, Your profile matches this job, 3 weeks ago, 0 applicants",,3 weeks ago
PepsiCo,Sr. Data Engineer,"Plano, TX","Sr. Data Engineer, PepsiCo, Plano, TX, Hybrid, Hide job, 1 connection works here, Promoted, 19 applicants",,
JPMorgan Chase & Co.,Marketing Analytics Manager - Direct Mail / Paid Channels - VP,"Wilmington, DE","Marketing Analytics Manager - Direct Mail / Paid Channels - VP, JPMorgan Chase & Co., Wilmington, DE, Hybrid, Hide job, 23 company alumni work here, Promoted, 10 applicants",,
,,,,,
,,,,,
,,,,,
,,,,,
,,,,,
,,,,,
,,,,,
,,,,,
,,,,,
,,,,,
,,,,,
,,,,,
,,,,,
,,,,,
,,,,,
,,,,,
,,,,,
,,,,,
Recruiting from Scratch,"Senior Software Engineer, Backend (Speech to Text Startup)",Pueblo-Cañon City Area,"Senior Software Engineer, Backend (Speech to Text Startup), Recruiting from Scratch, Pueblo-Cañon City Area, Medical, Vision, Dental, +1 benefit, Hide job, Actively recruiting, 1 month ago, 0 applicants",,1 month ago
JPMorgan Chase & Co.,"Senior Site Reliability (SRE/Dev-Ops) Engineer, Cloud Compute, Big Data","Plano, TX","Senior Site Reliability (SRE/Dev-Ops) Engineer, Cloud Compute, Big Data, JPMorgan Chase & Co., Plano, TX, $123.5K/yr - $180K/yr (from job description), Hide job, 133 alumni work here, Promoted, 1 applicant",,
JPMorgan Chase & Co.,Site Reliability Engineer - Chase Debit Platform,"Plano, TX","Site Reliability Engineer - Chase Debit Platform, JPMorgan Chase & Co., Plano, TX, Hide job, 23 company alumni work here, Promoted, 4 applicants",,
Recruiting from Scratch,"Senior Software Engineer, Backend (Speech to Text Startup)",Pueblo-Cañon City Area,"Senior Software Engineer, Backend (Speech to Text Startup), Recruiting from Scratch, Pueblo-Cañon City Area, Medical, Vision, Dental, +1 benefit, Hide job, Actively recruiting, 1 month ago, 0 applicants",,1 month ago
Recruiting from Scratch,Android Engineer,"Fort Ann, NY","Android Engineer, Recruiting from Scratch, Fort Ann, NY, Medical, Vision, Dental, +1 benefit, Hide job, Actively recruiting, 3 weeks ago, 2 applicants",,3 weeks ago
JPMorgan Chase & Co.,Software Engineering,"Jersey City, NJ","Software Engineering, JPMorgan Chase & Co., Jersey City, NJ, $123.5K/yr - $180K/yr (from job description), Hide job, Actively recruiting, Promoted, 11 applicants",,
JPMorgan Chase & Co.,Security/Safety Research Scientist in the AI Research Team - Senior Associate / Vice President / Executive Director,"Palo Alto, CA","Security/Safety Research Scientist in the AI Research Team - Senior Associate / Vice President / Executive Director, JPMorgan Chase & Co., Palo Alto, CA, On-site, Hide job, You have a preferred skill badge, Promoted, 16 applicants",,
,,,,,
,,,,,
,,,,,
,,,,,
,,,,,
,,,,,
,,,,,
,,,,,
,,,,,
,,,,,
,,,,,
,,,,,
,,,,,
,,,,,
,,,,,
,,,,,
,,,,,
,,,,,
Recruiting from Scratch,Android Engineer,"Texas, United States","Android Engineer, Recruiting from Scratch, Texas, United States, Medical, Vision, Dental, +1 benefit, Hide job, Your profile matches this job, 3 weeks ago, 1 applicant",,3 weeks ago
JPMorgan Chase & Co.,Real-Time Analytics Data Science Lead - Vice President,"New York, NY","Real-Time Analytics Data Science Lead - Vice President, JPMorgan Chase & Co., New York, NY, On-site, $142.5K/yr - $200K/yr (from job description), Hide job, You have a preferred skill badge, Promoted, 7 applicants",,
JPMorgan Chase & Co.,Sr. Enterprise Software Engineer,"Wilmington, DE","Sr. Enterprise Software Engineer, JPMorgan Chase & Co., Wilmington, DE, Hybrid, Hide job, 23 company alumni work here, Promoted, 1 applicant",,
Recruiting from Scratch,Android Engineer,"Bethesda, MD","Android Engineer, Recruiting from Scratch, Bethesda, MD, Medical, Vision, Dental, +1 benefit, Hide job, Your profile matches this job, 3 weeks ago, 0 applicants",,3 weeks ago
Recruiting from Scratch,"Senior Software Engineer, Backend (Speech to Text Startup)","Minneapolis, MN","Senior Software Engineer, Backend (Speech to Text Startup), Recruiting from Scratch, Minneapolis, MN, Medical, Vision, Dental, +1 benefit, Hide job, Actively recruiting, 1 month ago, 0 applicants",,1 month ago
JPMorgan Chase & Co.,Software Engineer,"Jersey City, NJ","Software Engineer, JPMorgan Chase & Co., Jersey City, NJ, Hide job, Your profile matches this job, Promoted, 9 applicants",,
Walmart,(USA) Senior Software Engineer,"Hoboken, NJ","(USA) Senior Software Engineer, Walmart, Hoboken, NJ, Medical, 401(k), +1 benefit, Hide job, 4 connections work here, Promoted",,
,,,,,
,,,,,
,,,,,
,,,,,
,,,,,
,,,,,
,,,,,
,,,,,
,,,,,
,,,,,
,,,,,
,,,,,
,,,,,
,,,,,
,,,,,
,,,,,
,,,,,
,,,,,
Recruiting from Scratch,"Senior Software Engineer, Backend (Speech to Text Startup)","Fort Ann, NY","Senior Software Engineer, Backend (Speech to Text Startup), Recruiting from Scratch, Fort Ann, NY, Medical, Vision, Dental, +1 benefit, Hide job, Actively recruiting, 1 month ago, 0 applicants",,1 month ago
JPMorgan Chase & Co.,Card Services Product Analyst (Co Branded) Sr Associate,"Wilmington, DE","Card Services Product Analyst (Co Branded) Sr Associate, JPMorgan Chase & Co., Wilmington, DE, On-site, $93.1K/yr - $129K/yr (from job description), Hide job, 23 company alumni work here, Promoted, 1 applicant",,
JPMorgan Chase & Co.,Site Reliability Engineer,"Columbus, OH","Site Reliability Engineer, JPMorgan Chase & Co., Columbus, OH, Hide job, 133 alumni work here, Promoted, 3 applicants",,
Recruiting from Scratch,Android Engineer,"Queen Anne, MD","Android Engineer, Recruiting from Scratch, Queen Anne, MD, Medical, Vision, Dental, +1 benefit, Hide job, Your profile matches this job, 3 weeks ago, 1 applicant",,3 weeks ago
Recruiting from Scratch,Android Engineer,"Seattle, WA","Android Engineer, Recruiting from Scratch, Seattle, WA, Medical, Vision, Dental, +1 benefit, Hide job, Your profile matches this job, 3 weeks ago, 2 applicants",,3 weeks ago
Walmart,Senior Software Engineer,"Sunnyvale, CA","Senior Software Engineer, Walmart, Sunnyvale, CA, $136K/yr - $200K/yr (from job description), Medical, Vision, Dental, +1 benefit, Hide job, 4 connections work here, Promoted",,
Walmart,Senior Software Engineer,"Sunnyvale, CA","Senior Software Engineer, Walmart, Sunnyvale, CA, $136K/yr - $200K/yr (from job description), Medical, Vision, Dental, +1 benefit, Hide job, 4 connections work here, Promoted, 17 applicants",,
,,,,,
,,,,,
,,,,,
,,,,,
,,,,,
,,,,,
,,,,,
,,,,,
,,,,,
,,,,,
,,,,,
,,,,,
,,,,,
,,,,,
,,,,,
,,,,,
,,,,,
,,,,,
Recruiting from Scratch,"Staff Software Engineer, Backend","Oxnard, CA","Staff Software Engineer, Backend, Recruiting from Scratch, Oxnard, CA, Medical, Vision, Dental, +1 benefit, Hide job, Actively recruiting, 2 months ago, 0 applicants",,2 months ago
JPMorgan Chase & Co.,Software Engineering,"Chicago, IL","Software Engineering, JPMorgan Chase & Co., Chicago, IL, Hide job, 23 company alumni work here, Promoted",,
JPMorgan Chase & Co.,Software Engineering,"Newark, DE","Software Engineering, JPMorgan Chase & Co., Newark, DE, Hide job, 133 alumni work here, Promoted, 13 applicants",,
Recruiting from Scratch,"Staff Software Engineer, Backend",San Francisco Bay Area,"Staff Software Engineer, Backend, Recruiting from Scratch, San Francisco Bay Area, Medical, Vision, Dental, +1 benefit, Hide job, Actively recruiting, 1 month ago, 0 applicants",,1 month ago
Recruiting from Scratch,Android Engineer,Greater Lansing,"Android Engineer, Recruiting from Scratch, Greater Lansing, Medical, Vision, Dental, +1 benefit, Hide job, Your profile matches this job, 3 weeks ago, 0 applicants",,3 weeks ago
JPMorgan Chase & Co.,Senior AWS Software Engineer,"Jersey City, NJ","Senior AWS Software Engineer, JPMorgan Chase & Co., Jersey City, NJ, Hybrid, Hide job, 133 alumni work here, Promoted, 1 applicant",,
JPMorgan Chase & Co.,Software Engineering,"New York, NY","Software Engineering, JPMorgan Chase & Co., New York, NY, Hide job, You have a preferred skill badge, Promoted, 7 applicants",,
,,,,,
,,,,,
,,,,,
,,,,,
,,,,,
,,,,,
,,,,,
,,,,,
,,,,,
,,,,,
,,,,,
,,,,,
,,,,,
,,,,,
,,,,,
,,,,,
,,,,,
,,,,,
Recruiting from Scratch,"Staff Software Engineer, Backend","Hoboken, CA","Staff Software Engineer, Backend, Recruiting from Scratch, Hoboken, CA, Medical, Vision, Dental, +1 benefit, Hide job, Actively recruiting, 2 months ago, 0 applicants",,2 months ago
Envoy,Senior Data Analyst,"San Francisco, CA","Senior Data Analyst, Envoy, San Francisco, CA, Hybrid, Hide job, Actively recruiting, Promoted",,
JPMorgan Chase & Co.,"Senior Software Engineer - JAVA, Kafka, AWS","Chicago, IL","Senior Software Engineer - JAVA, Kafka, AWS, JPMorgan Chase & Co., Chicago, IL, Hide job, 23 company alumni work here, Promoted, 3 applicants",,
Recruiting from Scratch,"Staff Software Engineer, Backend","Foster City, CA","Staff Software Engineer, Backend, Recruiting from Scratch, Foster City, CA, Medical, Vision, Dental, +1 benefit, Hide job, Actively recruiting, 2 months ago, 0 applicants",,2 months ago
Recruiting from Scratch,"Staff Software Engineer, Backend","Daly City, CA","Staff Software Engineer, Backend, Recruiting from Scratch, Daly City, CA, Medical, Vision, Dental, +1 benefit, Hide job, Actively recruiting, 2 months ago, 0 applicants",,2 months ago
JPMorgan Chase & Co.,Site Reliability Engineer,"Houston, TX","Site Reliability Engineer, JPMorgan Chase & Co., Houston, TX, Hide job, 133 alumni work here, Promoted, 6 applicants",,
JPMorgan Chase & Co.,Site Reliability Engineer,"Houston, TX","Site Reliability Engineer, JPMorgan Chase & Co., Houston, TX, Hide job, 23 company alumni work here, Promoted, 5 applicants",,
,,,,,
,,,,,
,,,,,
,,,,,
,,,,,
,,,,,
,,,,,
,,,,,
,,,,,
,,,,,
,,,,,
,,,,,
,,,,,
,,,,,
,,,,,
,,,,,
,,,,,
,,,,,
Recruiting from Scratch,"Staff Software Engineer, Backend","Oakland, California, United States","Staff Software Engineer, Backend, Recruiting from Scratch, Oakland, California, United States, Medical, Vision, Dental, +1 benefit, Hide job, Actively recruiting, 2 months ago, 0 applicants",,2 months ago
JPMorgan Chase & Co.,CCB - Chase Card Recovery Litigation Strategy Associate,"Wilmington, DE","CCB - Chase Card Recovery Litigation Strategy Associate, JPMorgan Chase & Co., Wilmington, DE, On-site, Hide job, 133 alumni work here, Promoted, 0 applicants",,
JPMorgan Chase & Co.,Senior Product Analyst,"Plano, TX","Senior Product Analyst, JPMorgan Chase & Co., Plano, TX, On-site, Hide job, 23 company alumni work here, Promoted, 7 applicants",,
Recruiting from Scratch,"Staff Software Engineer, Backend",Pueblo-Cañon City Area,"Staff Software Engineer, Backend, Recruiting from Scratch, Pueblo-Cañon City Area, Medical, Vision, Dental, +1 benefit, Hide job, Actively recruiting, 2 months ago, 0 applicants",,2 months ago
Recruiting from Scratch,Android Engineer,"Fort Loramie, OH","Android Engineer, Recruiting from Scratch, Fort Loramie, OH, Medical, Vision, Dental, +1 benefit, Hide job, Your profile matches this job, 3 weeks ago, 0 applicants",,3 weeks ago
PepsiCo,Senior Data Engineer,"Plano, TX","Senior Data Engineer, PepsiCo, Plano, TX, On-site, Hide job, 1 connection works here, Promoted",,
Walmart,(USA) 2023 HBCU Summit: Technology,"Bentonville, AR","(USA) 2023 HBCU Summit: Technology, Walmart, Bentonville, AR, Hide job, 4 connections work here, Promoted, 10 applicants",,
,,,,,
,,,,,
,,,,,
,,,,,
,,,,,
,,,,,
,,,,,
,,,,,
,,,,,
,,,,,
,,,,,
,,,,,
,,,,,
,,,,,
,,,,,
,,,,,
,,,,,
,,,,,
Recruiting from Scratch,Frontend Engineer,"Boston Heights, CA","Frontend Engineer, Recruiting from Scratch, Boston Heights, CA, Medical, Vision, Dental, +1 benefit, Hide job, Actively recruiting, 3 weeks ago, 4 applicants",,3 weeks ago
JPMorgan Chase & Co.,Senior Site Reliability Engineer - Public Cloud,"Jersey City, NJ","Senior Site Reliability Engineer - Public Cloud, JPMorgan Chase & Co., Jersey City, NJ, On-site, Hide job, Actively recruiting, Promoted, 3 applicants",,
JPMorgan Chase & Co.,Site Reliability Engineer - Capital Technology,"Newark, DE","Site Reliability Engineer - Capital Technology, JPMorgan Chase & Co., Newark, DE, Hide job, 23 company alumni work here, Promoted, 2 applicants",,
Recruiting from Scratch,Android Engineer,"Cincinnati, Ohio, United States","Android Engineer, Recruiting from Scratch, Cincinnati, Ohio, United States, Medical, Vision, Dental, +1 benefit, Hide job, Your profile matches this job, 3 weeks ago, 0 applicants",,3 weeks ago
Recruiting from Scratch,Android Engineer,"Cincinnati, OH","Android Engineer, Recruiting from Scratch, Cincinnati, OH, Medical, Vision, Dental, +1 benefit, Hide job, Your profile matches this job, 3 weeks ago, 1 applicant",,3 weeks ago
JPMorgan Chase & Co.,Product Analyst for Branded Cards - VP,"Wilmington, DE","Product Analyst for Branded Cards - VP, JPMorgan Chase & Co., Wilmington, DE, On-site, $110.2K/yr - $160K/yr (from job description), Hide job, 133 alumni work here, Promoted, 7 applicants",,
JPMorgan Chase & Co.,Quantitative Research - Energy Quantitative Analyst - Vice President,"New York, NY","Quantitative Research - Energy Quantitative Analyst - Vice President, JPMorgan Chase & Co., New York, NY, Hybrid, Hide job, 23 company alumni work here, Promoted",,
,,,,,
,,,,,
,,,,,
,,,,,
,,,,,
,,,,,
,,,,,
,,,,,
,,,,,
,,,,,
,,,,,
,,,,,
,,,,,
,,,,,
,,,,,
,,,,,
,,,,,
,,,,,
Recruiting from Scratch,"Senior Software Engineer, Backend (Speech to Text Startup)","Trenton, LA","Senior Software Engineer, Backend (Speech to Text Startup), Recruiting from Scratch, Trenton, LA, Medical, Vision, Dental, +1 benefit, Hide job, Actively recruiting, 1 month ago, 0 applicants",,1 month ago
JPMorgan Chase & Co.,Sr. Software Engineer - Everest Data Platform,"Jersey City, NJ","Sr. Software Engineer - Everest Data Platform, JPMorgan Chase & Co., Jersey City, NJ, On-site, Hide job, 23 company alumni work here, Promoted, 2 applicants",,
JPMorgan Chase & Co.,"Product Analyst (Voice Routing) - Wilmington, DE & Westerville, OH","Westerville, OH","Product Analyst (Voice Routing) - Wilmington, DE & Westerville, OH, JPMorgan Chase & Co., Westerville, OH, On-site, Hide job, 23 company alumni work here, Promoted, 3 applicants",,
Recruiting from Scratch,Android Engineer,"Denver City, TX","Android Engineer, Recruiting from Scratch, Denver City, TX, Medical, Vision, Dental, +1 benefit, Hide job, Actively recruiting, 3 weeks ago, 0 applicants",,3 weeks ago
Recruiting from Scratch,"Staff Software Engineer, Backend","San Francisco, CA","Staff Software Engineer, Backend, Recruiting from Scratch, San Francisco, CA, Medical, Vision, Dental, +1 benefit, Hide job, Actively recruiting, 2 months ago, 0 applicants",,2 months ago
Walmart,Senior Software Engineer,"Sunnyvale, CA","Senior Software Engineer, Walmart, Sunnyvale, CA, $136K/yr - $200K/yr (from job description), Medical, Vision, Dental, 401(k), +1 benefit, Hide job, Your profile matches this job, Promoted",,
Walmart,"Senior Manager II, Data Science - Supply Chain Strategy","Sunnyvale, CA","Senior Manager II, Data Science - Supply Chain Strategy, Walmart, Sunnyvale, CA, Medical, Vision, Dental, 401(k), +1 benefit, Hide job, You have a preferred skill badge, Promoted",,
,,,,,
,,,,,
,,,,,
,,,,,
,,,,,
,,,,,
,,,,,
,,,,,
,,,,,
,,,,,
,,,,,
,,,,,
,,,,,
,,,,,
,,,,,
,,,,,
,,,,,
,,,,,
Recruiting from Scratch,"Senior Software Engineer, Backend (Speech to Text Startup)","Overland Park, KS","Senior Software Engineer, Backend (Speech to Text Startup), Recruiting from Scratch, Overland Park, KS, Medical, Vision, Dental, +1 benefit, Hide job, Actively recruiting, 1 month ago, 0 applicants",,1 month ago
JPMorgan Chase & Co.,Lead Software Engineer,"Plano, TX","Lead Software Engineer, JPMorgan Chase & Co., Plano, TX, Hide job, 133 alumni work here, Promoted, 7 applicants",,
JPMorgan Chase & Co.,Site Reliability Engineer,"Wilmington, DE","Site Reliability Engineer, JPMorgan Chase & Co., Wilmington, DE, Hide job, 133 alumni work here, Promoted, 2 applicants",,
Recruiting from Scratch,Senior Android Engineer,Greater Philadelphia,"Senior Android Engineer, Recruiting from Scratch, Greater Philadelphia, Medical, Vision, Dental, +1 benefit, Hide job, Actively recruiting, 2 months ago, 1 applicant",,2 months ago
Recruiting from Scratch,Frontend Engineer,"Glendale, California, United States","Frontend Engineer, Recruiting from Scratch, Glendale, California, United States, Medical, Vision, Dental, +1 benefit, Hide job, Actively recruiting, 3 weeks ago, 4 applicants",,3 weeks ago
JPMorgan Chase & Co.,Software Engineer Lead,"Seattle, WA","Software Engineer Lead, JPMorgan Chase & Co., Seattle, WA, Hide job, 133 alumni work here, Promoted, 6 applicants",,
Walmart,(USA) Software Engineer III,"Bentonville, AR","(USA) Software Engineer III, Walmart, Bentonville, AR, $70K/yr - $110K/yr (LinkedIn est.), Hide job, 4 connections work here, Promoted, 11 applicants",,
,,,,,
,,,,,
,,,,,
,,,,,
,,,,,
,,,,,
,,,,,
,,,,,
,,,,,
,,,,,
,,,,,
,,,,,
,,,,,
,,,,,
,,,,,
,,,,,
,,,,,
,,,,,
Recruiting from Scratch,"Staff Software Engineer, Backend","Dublin, CA","Staff Software Engineer, Backend, Recruiting from Scratch, Dublin, CA, Medical, Vision, Dental, +1 benefit, Hide job, Actively recruiting, 2 months ago, 0 applicants",,2 months ago
JPMorgan Chase & Co.,Project Execution for Computer Backbone (CBB),"Jersey City, NJ","Project Execution for Computer Backbone (CBB), JPMorgan Chase & Co., Jersey City, NJ, Hybrid, $128.2K/yr - $190K/yr (from job description), Hide job, 133 alumni work here, Promoted, 1 applicant",,
JPMorgan Chase & Co.,Principal Database Software Engineer,"Chicago, IL","Principal Database Software Engineer, JPMorgan Chase & Co., Chicago, IL, Hide job, 23 company alumni work here, Promoted, 5 applicants",,
Recruiting from Scratch,"Staff Software Engineer, Backend",Greater Cleveland,"Staff Software Engineer, Backend, Recruiting from Scratch, Greater Cleveland, Medical, Vision, Dental, +1 benefit, Hide job, Actively recruiting, 2 months ago, 0 applicants",,2 months ago
Recruiting from Scratch,Senior Android Engineer,"Andover, NJ","Senior Android Engineer, Recruiting from Scratch, Andover, NJ, Medical, Vision, Dental, +1 benefit, Hide job, Actively recruiting, 2 months ago, 0 applicants",,2 months ago
JPMorgan Chase & Co.,Agility Leader_Fintech,"Wilmington, DE","Agility Leader_Fintech, JPMorgan Chase & Co., Wilmington, DE, On-site, Hide job, 23 company alumni work here, Promoted, 0 applicants",,
JPMorgan Chase & Co.,SRE - Site Reliability Engineer,"Jersey City, NJ","SRE - Site Reliability Engineer, JPMorgan Chase & Co., Jersey City, NJ, Hide job, 23 company alumni work here, Promoted, 7 applicants",,
,,,,,
,,,,,
,,,,,
,,,,,
,,,,,
,,,,,
,,,,,
,,,,,
,,,,,
,,,,,
,,,,,
,,,,,
,,,,,
,,,,,
,,,,,
,,,,,
,,,,,
,,,,,
Recruiting from Scratch,Frontend Engineer,"Torrance, CA","Frontend Engineer, Recruiting from Scratch, Torrance, CA, Medical, Vision, Dental, +1 benefit, Hide job, Actively recruiting, 3 weeks ago, 2 applicants",,3 weeks ago
JPMorgan Chase & Co.,Site Reliability Engineer - Capital Technology,"Newark, DE","Site Reliability Engineer - Capital Technology, JPMorgan Chase & Co., Newark, DE, Hide job, 23 company alumni work here, Promoted, 1 applicant",,
JPMorgan Chase & Co.,Site Reliability Engineer/DevOps,"Wilmington, DE","Site Reliability Engineer/DevOps, JPMorgan Chase & Co., Wilmington, DE, Hide job, 133 alumni work here, Promoted, 5 applicants",,
Recruiting from Scratch,Senior Android Engineer,"Jersey City, NJ","Senior Android Engineer, Recruiting from Scratch, Jersey City, NJ, Medical, Vision, Dental, +1 benefit, Hide job, Actively recruiting, 2 months ago, 0 applicants",,2 months ago
Recruiting from Scratch,Senior Android Engineer,"Atlanta, GA","Senior Android Engineer, Recruiting from Scratch, Atlanta, GA, Medical, Vision, Dental, +1 benefit, Hide job, Your profile matches this job, 2 months ago, 1 applicant",,2 months ago
JPMorgan Chase & Co.,Senior Cloud/Backend Software Developer,"Wilmington, DE","Senior Cloud/Backend Software Developer, JPMorgan Chase & Co., Wilmington, DE, Hide job, 133 alumni work here, Promoted, 4 applicants",,
JPMorgan Chase & Co.,Software Engineer,"Jersey City, NJ","Software Engineer, JPMorgan Chase & Co., Jersey City, NJ, On-site, $109.2K/yr - $145K/yr (from job description), Hide job, Your profile matches this job, Promoted, 23 applicants",,
,,,,,
,,,,,
,,,,,
,,,,,
,,,,,
,,,,,
,,,,,
,,,,,
,,,,,
,,,,,
,,,,,
,,,,,
,,,,,
,,,,,
,,,,,
,,,,,
,,,,,
,,,,,
Recruiting from Scratch,Senior Android Engineer,"South San Francisco, CA","Senior Android Engineer, Recruiting from Scratch, South San Francisco, CA, Medical, Vision, Dental, +1 benefit, Hide job, Actively recruiting, 2 months ago, 0 applicants",,2 months ago
JPMorgan Chase & Co.,Software Engineering,"Wilmington, DE","Software Engineering, JPMorgan Chase & Co., Wilmington, DE, Hide job, 133 alumni work here, Promoted, 8 applicants",,
JPMorgan Chase & Co.,Software Engineering,"Wilmington, DE","Software Engineering, JPMorgan Chase & Co., Wilmington, DE, Hide job, 133 alumni work here, Promoted, 6 applicants",,
Recruiting from Scratch,Senior Android Engineer,"Burlingame, CA","Senior Android Engineer, Recruiting from Scratch, Burlingame, CA, Medical, Vision, Dental, +1 benefit, Hide job, Actively recruiting, 2 months ago, 0 applicants",,2 months ago
Recruiting from Scratch,Senior Android Engineer,"Menlo Park, CA","Senior Android Engineer, Recruiting from Scratch, Menlo Park, CA, Medical, Vision, Dental, +1 benefit, Hide job, Actively recruiting, 2 months ago, 1 applicant",,2 months ago
JPMorgan Chase & Co.,Analytics Senior Associate,"Columbus, OH","Analytics Senior Associate, JPMorgan Chase & Co., Columbus, OH, Hybrid, Hide job, 23 company alumni work here, Promoted, 3 applicants",,
JPMorgan Chase & Co.,Software Engineering,"Chicago, IL","Software Engineering, JPMorgan Chase & Co., Chicago, IL, Hide job, 133 alumni work here, Promoted, 3 applicants",,
,,,,,
,,,,,
,,,,,
,,,,,
,,,,,
,,,,,
,,,,,
,,,,,
,,,,,
,,,,,
,,,,,
,,,,,
,,,,,
,,,,,
,,,,,
,,,,,
,,,,,
,,,,,
Recruiting from Scratch,Senior Android Engineer,"San Francisco, CA","Senior Android Engineer, Recruiting from Scratch, San Francisco, CA, Medical, Vision, Dental, +1 benefit, Hide job, Your profile matches this job, 2 months ago, 0 applicants",,2 months ago
JPMorgan Chase & Co.,Tandem/ HP NonStop Engineer,"Tampa, FL","Tandem/ HP NonStop Engineer, JPMorgan Chase & Co., Tampa, FL, Hide job, Your profile matches this job, Promoted, 4 applicants",,
JPMorgan Chase & Co.,Product Solution Architect,"Columbus, OH","Product Solution Architect, JPMorgan Chase & Co., Columbus, OH, Hybrid, Hide job, 133 alumni work here, Promoted, 1 applicant",,
Recruiting from Scratch,Senior Android Engineer,Greater Cleveland,"Senior Android Engineer, Recruiting from Scratch, Greater Cleveland, Medical, Vision, Dental, +1 benefit, Hide job, Your profile matches this job, 2 months ago, 0 applicants",,2 months ago
Recruiting from Scratch,Android Engineer,"Trenton, LA","Android Engineer, Recruiting from Scratch, Trenton, LA, Medical, Vision, Dental, +1 benefit, Hide job, Your profile matches this job, 3 weeks ago, 1 applicant",,3 weeks ago
TikTok,"Product Strategist, Ads Measurement","Mountain View, CA","Product Strategist, Ads Measurement, TikTok, Mountain View, CA, Hybrid, $75.6K/yr - $155.4K/yr, Medical, Vision, Dental, 401(k), +1 benefit, Hide job, 3 connections work here, Promoted",,
Walmart,"Principal Software Engineer, Cybersecurity (Data Engineer)","Bentonville, AR","Principal Software Engineer, Cybersecurity (Data Engineer), Walmart, Bentonville, AR, Medical, 401(k), +1 benefit, Hide job, 4 connections work here, Promoted, 4 applicants",,
,,,,,
,,,,,
,,,,,
,,,,,
,,,,,
,,,,,
,,,,,
,,,,,
,,,,,
,,,,,
,,,,,
,,,,,
,,,,,
,,,,,
,,,,,
,,,,,
,,,,,
,,,,,
